LATENCY_IN_MICROS,DUT_INPUT,DUT_OUTPUT,BUFFER_SIZE,SAMPLE_RATE,CHANNELS
16248,USB IN,LINE OUT,96,48000,1
8858,USB IN,LINE OUT,96,48000,1
8194,USB IN,LINE OUT,96,48000,1
8802,USB IN,LINE OUT,96,48000,1
8417,USB IN,LINE OUT,96,48000,1
8026,USB IN,LINE OUT,96,48000,1
7668,USB IN,LINE OUT,96,48000,1
8257,USB IN,LINE OUT,96,48000,1
8844,USB IN,LINE OUT,96,48000,1
8451,USB IN,LINE OUT,96,48000,1
8066,USB IN,LINE OUT,96,48000,1
8690,USB IN,LINE OUT,96,48000,1
8273,USB IN,LINE OUT,96,48000,1
5883,USB IN,LINE OUT,96,48000,1
8501,USB IN,LINE OUT,96,48000,1
8113,USB IN,LINE OUT,96,48000,1
8725,USB IN,LINE OUT,96,48000,1
8345,USB IN,LINE OUT,96,48000,1
7958,USB IN,LINE OUT,96,48000,1
8572,USB IN,LINE OUT,96,48000,1
8181,USB IN,LINE OUT,96,48000,1
8766,USB IN,LINE OUT,96,48000,1
8367,USB IN,LINE OUT,96,48000,1
7944,USB IN,LINE OUT,96,48000,1
8552,USB IN,LINE OUT,96,48000,1
8160,USB IN,LINE OUT,96,48000,1
8767,USB IN,LINE OUT,96,48000,1
8373,USB IN,LINE OUT,96,48000,1
7972,USB IN,LINE OUT,96,48000,1
8603,USB IN,LINE OUT,96,48000,1
8190,USB IN,LINE OUT,96,48000,1
8787,USB IN,LINE OUT,96,48000,1
8393,USB IN,LINE OUT,96,48000,1
7970,USB IN,LINE OUT,96,48000,1
8582,USB IN,LINE OUT,96,48000,1
8188,USB IN,LINE OUT,96,48000,1
8784,USB IN,LINE OUT,96,48000,1
8389,USB IN,LINE OUT,96,48000,1
7978,USB IN,LINE OUT,96,48000,1
8588,USB IN,LINE OUT,96,48000,1
8192,USB IN,LINE OUT,96,48000,1
8806,USB IN,LINE OUT,96,48000,1
8410,USB IN,LINE OUT,96,48000,1
7957,USB IN,LINE OUT,96,48000,1
8555,USB IN,LINE OUT,96,48000,1
8165,USB IN,LINE OUT,96,48000,1
8786,USB IN,LINE OUT,96,48000,1
8392,USB IN,LINE OUT,96,48000,1
8027,USB IN,LINE OUT,96,48000,1
15642,USB IN,LINE OUT,96,48000,1
209,USB IN,LINE OUT,96,48000,1
13,USB IN,LINE OUT,96,48000,1
329,USB IN,LINE OUT,96,48000,1
6,USB IN,LINE OUT,96,48000,1
683,USB IN,LINE OUT,96,48000,1
316,USB IN,LINE OUT,96,48000,1
29,USB IN,LINE OUT,96,48000,1
17,USB IN,LINE OUT,96,48000,1
790,USB IN,LINE OUT,96,48000,1
396,USB IN,LINE OUT,96,48000,1
116,USB IN,LINE OUT,96,48000,1
1518,USB IN,LINE OUT,96,48000,1
5216,USB IN,LINE OUT,96,48000,1
23421907,USB IN,LINE OUT,96,48000,1
8615,USB IN,LINE OUT,96,48000,1
8242,USB IN,LINE OUT,96,48000,1
8695,USB IN,LINE OUT,96,48000,1
8097,USB IN,LINE OUT,96,48000,1
8618,USB IN,LINE OUT,96,48000,1
8161,USB IN,LINE OUT,96,48000,1
8698,USB IN,LINE OUT,96,48000,1
8103,USB IN,LINE OUT,96,48000,1
8362,USB IN,LINE OUT,96,48000,1
7951,USB IN,LINE OUT,96,48000,1
8307,USB IN,LINE OUT,96,48000,1
7931,USB IN,LINE OUT,96,48000,1
8292,USB IN,LINE OUT,96,48000,1
8785,USB IN,LINE OUT,96,48000,1
8387,USB IN,LINE OUT,96,48000,1
5797,USB IN,LINE OUT,96,48000,1
8223,USB IN,LINE OUT,96,48000,1
8825,USB IN,LINE OUT,96,48000,1
8317,USB IN,LINE OUT,96,48000,1
8812,USB IN,LINE OUT,96,48000,1
8323,USB IN,LINE OUT,96,48000,1
8690,USB IN,LINE OUT,96,48000,1
8617,USB IN,LINE OUT,96,48000,1
8169,USB IN,LINE OUT,96,48000,1
8706,USB IN,LINE OUT,96,48000,1
8355,USB IN,LINE OUT,96,48000,1
7998,USB IN,LINE OUT,96,48000,1
11642,USB IN,LINE OUT,96,48000,1
8280,USB IN,LINE OUT,96,48000,1
7832,USB IN,LINE OUT,96,48000,1
8252,USB IN,LINE OUT,96,48000,1
8715,USB IN,LINE OUT,96,48000,1
8341,USB IN,LINE OUT,96,48000,1
5889,USB IN,LINE OUT,96,48000,1
8306,USB IN,LINE OUT,96,48000,1
8814,USB IN,LINE OUT,96,48000,1
8312,USB IN,LINE OUT,96,48000,1
8766,USB IN,LINE OUT,96,48000,1
8358,USB IN,LINE OUT,96,48000,1
7942,USB IN,LINE OUT,96,48000,1
8519,USB IN,LINE OUT,96,48000,1
8019,USB IN,LINE OUT,96,48000,1
9648,USB IN,LINE OUT,96,48000,1
8218,USB IN,LINE OUT,96,48000,1
8830,USB IN,LINE OUT,96,48000,1
8445,USB IN,LINE OUT,96,48000,1
8059,USB IN,LINE OUT,96,48000,1
8650,USB IN,LINE OUT,96,48000,1
8263,USB IN,LINE OUT,96,48000,1
8852,USB IN,LINE OUT,96,48000,1
8464,USB IN,LINE OUT,96,48000,1
7976,USB IN,LINE OUT,96,48000,1
8542,USB IN,LINE OUT,96,48000,1
8155,USB IN,LINE OUT,96,48000,1
8775,USB IN,LINE OUT,96,48000,1
8399,USB IN,LINE OUT,96,48000,1
8008,USB IN,LINE OUT,96,48000,1
8615,USB IN,LINE OUT,96,48000,1
8232,USB IN,LINE OUT,96,48000,1
8848,USB IN,LINE OUT,96,48000,1
8468,USB IN,LINE OUT,96,48000,1
8049,USB IN,LINE OUT,96,48000,1
8670,USB IN,LINE OUT,96,48000,1
8270,USB IN,LINE OUT,96,48000,1
5886,USB IN,LINE OUT,96,48000,1
8508,USB IN,LINE OUT,96,48000,1
8120,USB IN,LINE OUT,96,48000,1
8734,USB IN,LINE OUT,96,48000,1
8243,USB IN,LINE OUT,96,48000,1
5862,USB IN,LINE OUT,96,48000,1
8443,USB IN,LINE OUT,96,48000,1
8028,USB IN,LINE OUT,96,48000,1
8649,USB IN,LINE OUT,96,48000,1
8271,USB IN,LINE OUT,96,48000,1
7922,USB IN,LINE OUT,96,48000,1
8549,USB IN,LINE OUT,96,48000,1
8165,USB IN,LINE OUT,96,48000,1
8776,USB IN,LINE OUT,96,48000,1
8385,USB IN,LINE OUT,96,48000,1
7993,USB IN,LINE OUT,96,48000,1
8582,USB IN,LINE OUT,96,48000,1
8187,USB IN,LINE OUT,96,48000,1
8777,USB IN,LINE OUT,96,48000,1
8351,USB IN,LINE OUT,96,48000,1
7970,USB IN,LINE OUT,96,48000,1
8584,USB IN,LINE OUT,96,48000,1
8200,USB IN,LINE OUT,96,48000,1
8822,USB IN,LINE OUT,96,48000,1
8412,USB IN,LINE OUT,96,48000,1
8026,USB IN,LINE OUT,96,48000,1
10641,USB IN,LINE OUT,96,48000,1
8245,USB IN,LINE OUT,96,48000,1
8841,USB IN,LINE OUT,96,48000,1
8454,USB IN,LINE OUT,96,48000,1
8051,USB IN,LINE OUT,96,48000,1
8673,USB IN,LINE OUT,96,48000,1
8288,USB IN,LINE OUT,96,48000,1
5867,USB IN,LINE OUT,96,48000,1
8461,USB IN,LINE OUT,96,48000,1
8075,USB IN,LINE OUT,96,48000,1
8682,USB IN,LINE OUT,96,48000,1
8242,USB IN,LINE OUT,96,48000,1
8709,USB IN,LINE OUT,96,48000,1
8340,USB IN,LINE OUT,96,48000,1
7897,USB IN,LINE OUT,96,48000,1
8507,USB IN,LINE OUT,96,48000,1
8064,USB IN,LINE OUT,96,48000,1
14629,USB IN,LINE OUT,96,48000,1
8194,USB IN,LINE OUT,96,48000,1
8586,USB IN,LINE OUT,96,48000,1
8204,USB IN,LINE OUT,96,48000,1
8678,USB IN,LINE OUT,96,48000,1
8208,USB IN,LINE OUT,96,48000,1
8789,USB IN,LINE OUT,96,48000,1
8266,USB IN,LINE OUT,96,48000,1
8804,USB IN,LINE OUT,96,48000,1
8170,USB IN,LINE OUT,96,48000,1
6641,USB IN,LINE OUT,96,48000,1
7927,USB IN,LINE OUT,96,48000,1
8397,USB IN,LINE OUT,96,48000,1
7918,USB IN,LINE OUT,96,48000,1
8493,USB IN,LINE OUT,96,48000,1
8047,USB IN,LINE OUT,96,48000,1
8345,USB IN,LINE OUT,96,48000,1
8687,USB IN,LINE OUT,96,48000,1
8240,USB IN,LINE OUT,96,48000,1
8784,USB IN,LINE OUT,96,48000,1
8253,USB IN,LINE OUT,96,48000,1
8792,USB IN,LINE OUT,96,48000,1
8347,USB IN,LINE OUT,96,48000,1
5878,USB IN,LINE OUT,96,48000,1
8347,USB IN,LINE OUT,96,48000,1
7967,USB IN,LINE OUT,96,48000,1
8539,USB IN,LINE OUT,96,48000,1
8172,USB IN,LINE OUT,96,48000,1
8712,USB IN,LINE OUT,96,48000,1
7917,USB IN,LINE OUT,96,48000,1
8320,USB IN,LINE OUT,96,48000,1
8599,USB IN,LINE OUT,96,48000,1
7989,USB IN,LINE OUT,96,48000,1
8596,USB IN,LINE OUT,96,48000,1
8151,USB IN,LINE OUT,96,48000,1
8664,USB IN,LINE OUT,96,48000,1
8278,USB IN,LINE OUT,96,48000,1
8706,USB IN,LINE OUT,96,48000,1
8261,USB IN,LINE OUT,96,48000,1
8771,USB IN,LINE OUT,96,48000,1
8384,USB IN,LINE OUT,96,48000,1
7857,USB IN,LINE OUT,96,48000,1
8472,USB IN,LINE OUT,96,48000,1
7968,USB IN,LINE OUT,96,48000,1
8437,USB IN,LINE OUT,96,48000,1
15488,USB IN,LINE OUT,96,48000,1
8059,USB IN,LINE OUT,96,48000,1
8666,USB IN,LINE OUT,96,48000,1
8225,USB IN,LINE OUT,96,48000,1
13603,USB IN,LINE OUT,96,48000,1
8151,USB IN,LINE OUT,96,48000,1
8679,USB IN,LINE OUT,96,48000,1
8239,USB IN,LINE OUT,96,48000,1
8751,USB IN,LINE OUT,96,48000,1
8247,USB IN,LINE OUT,96,48000,1
8214,USB IN,LINE OUT,96,48000,1
8673,USB IN,LINE OUT,96,48000,1
8289,USB IN,LINE OUT,96,48000,1
5810,USB IN,LINE OUT,96,48000,1
8311,USB IN,LINE OUT,96,48000,1
8827,USB IN,LINE OUT,96,48000,1
8302,USB IN,LINE OUT,96,48000,1
5880,USB IN,LINE OUT,96,48000,1
8476,USB IN,LINE OUT,96,48000,1
8097,USB IN,LINE OUT,96,48000,1
8445,USB IN,LINE OUT,96,48000,1
7884,USB IN,LINE OUT,96,48000,1
8430,USB IN,LINE OUT,96,48000,1
8030,USB IN,LINE OUT,96,48000,1
8623,USB IN,LINE OUT,96,48000,1
8166,USB IN,LINE OUT,96,48000,1
8762,USB IN,LINE OUT,96,48000,1
8345,USB IN,LINE OUT,96,48000,1
7953,USB IN,LINE OUT,96,48000,1
8390,USB IN,LINE OUT,96,48000,1
7975,USB IN,LINE OUT,96,48000,1
8445,USB IN,LINE OUT,96,48000,1
7910,USB IN,LINE OUT,96,48000,1
8523,USB IN,LINE OUT,96,48000,1
8064,USB IN,LINE OUT,96,48000,1
9641,USB IN,LINE OUT,96,48000,1
8145,USB IN,LINE OUT,96,48000,1
8637,USB IN,LINE OUT,96,48000,1
8088,USB IN,LINE OUT,96,48000,1
8670,USB IN,LINE OUT,96,48000,1
8100,USB IN,LINE OUT,96,48000,1
8706,USB IN,LINE OUT,96,48000,1
8320,USB IN,LINE OUT,96,48000,1
8826,USB IN,LINE OUT,96,48000,1
8433,USB IN,LINE OUT,96,48000,1
8070,USB IN,LINE OUT,96,48000,1
8693,USB IN,LINE OUT,96,48000,1
7574,USB IN,LINE OUT,96,48000,1
5865,USB IN,LINE OUT,96,48000,1
8396,USB IN,LINE OUT,96,48000,1
5821,USB IN,LINE OUT,96,48000,1
8433,USB IN,LINE OUT,96,48000,1
7929,USB IN,LINE OUT,96,48000,1
8488,USB IN,LINE OUT,96,48000,1
7913,USB IN,LINE OUT,96,48000,1
8392,USB IN,LINE OUT,96,48000,1
7953,USB IN,LINE OUT,96,48000,1
8317,USB IN,LINE OUT,96,48000,1
8564,USB IN,LINE OUT,96,48000,1
7975,USB IN,LINE OUT,96,48000,1
8503,USB IN,LINE OUT,96,48000,1
7977,USB IN,LINE OUT,96,48000,1
8451,USB IN,LINE OUT,96,48000,1
8010,USB IN,LINE OUT,96,48000,1
8514,USB IN,LINE OUT,96,48000,1
8072,USB IN,LINE OUT,96,48000,1
8666,USB IN,LINE OUT,96,48000,1
8151,USB IN,LINE OUT,96,48000,1
8725,USB IN,LINE OUT,96,48000,1
8267,USB IN,LINE OUT,96,48000,1
8768,USB IN,LINE OUT,96,48000,1
8228,USB IN,LINE OUT,96,48000,1
8642,USB IN,LINE OUT,96,48000,1
8193,USB IN,LINE OUT,96,48000,1
8796,USB IN,LINE OUT,96,48000,1
8302,USB IN,LINE OUT,96,48000,1
7899,USB IN,LINE OUT,96,48000,1
8414,USB IN,LINE OUT,96,48000,1
8048,USB IN,LINE OUT,96,48000,1
8173,USB IN,LINE OUT,96,48000,1
8682,USB IN,LINE OUT,96,48000,1
8134,USB IN,LINE OUT,96,48000,1
13633,USB IN,LINE OUT,96,48000,1
8200,USB IN,LINE OUT,96,48000,1
8680,USB IN,LINE OUT,96,48000,1
8208,USB IN,LINE OUT,96,48000,1
8825,USB IN,LINE OUT,96,48000,1
8337,USB IN,LINE OUT,96,48000,1
8707,USB IN,LINE OUT,96,48000,1
8318,USB IN,LINE OUT,96,48000,1
7942,USB IN,LINE OUT,96,48000,1
8549,USB IN,LINE OUT,96,48000,1
8167,USB IN,LINE OUT,96,48000,1
8744,USB IN,LINE OUT,96,48000,1
8059,USB IN,LINE OUT,96,48000,1
8569,USB IN,LINE OUT,96,48000,1
8013,USB IN,LINE OUT,96,48000,1
8400,USB IN,LINE OUT,96,48000,1
8037,USB IN,LINE OUT,96,48000,1
8579,USB IN,LINE OUT,96,48000,1
8062,USB IN,LINE OUT,96,48000,1
8680,USB IN,LINE OUT,96,48000,1
8250,USB IN,LINE OUT,96,48000,1
8780,USB IN,LINE OUT,96,48000,1
8352,USB IN,LINE OUT,96,48000,1
7896,USB IN,LINE OUT,96,48000,1
5872,USB IN,LINE OUT,96,48000,1
8458,USB IN,LINE OUT,96,48000,1
7983,USB IN,LINE OUT,96,48000,1
8419,USB IN,LINE OUT,96,48000,1
7929,USB IN,LINE OUT,96,48000,1
8484,USB IN,LINE OUT,96,48000,1
8075,USB IN,LINE OUT,96,48000,1
8676,USB IN,LINE OUT,96,48000,1
8209,USB IN,LINE OUT,96,48000,1
8712,USB IN,LINE OUT,96,48000,1
8305,USB IN,LINE OUT,96,48000,1
5873,USB IN,LINE OUT,96,48000,1
8495,USB IN,LINE OUT,96,48000,1
8115,USB IN,LINE OUT,96,48000,1
8662,USB IN,LINE OUT,96,48000,1
8126,USB IN,LINE OUT,96,48000,1
11592,USB IN,LINE OUT,96,48000,1
7996,USB IN,LINE OUT,96,48000,1
8437,USB IN,LINE OUT,96,48000,1
5790,USB IN,LINE OUT,96,48000,1
8343,USB IN,LINE OUT,96,48000,1
8798,USB IN,LINE OUT,96,48000,1
8357,USB IN,LINE OUT,96,48000,1
7914,USB IN,LINE OUT,96,48000,1
8267,USB IN,LINE OUT,96,48000,1
8789,USB IN,LINE OUT,96,48000,1
8349,USB IN,LINE OUT,96,48000,1
8714,USB IN,LINE OUT,96,48000,1
8271,USB IN,LINE OUT,96,48000,1
8777,USB IN,LINE OUT,96,48000,1
8340,USB IN,LINE OUT,96,48000,1
5795,USB IN,LINE OUT,96,48000,1
8296,USB IN,LINE OUT,96,48000,1
8756,USB IN,LINE OUT,96,48000,1
8258,USB IN,LINE OUT,96,48000,1
8482,USB IN,LINE OUT,96,48000,1
7948,USB IN,LINE OUT,96,48000,1
8420,USB IN,LINE OUT,96,48000,1
7971,USB IN,LINE OUT,96,48000,1
8454,USB IN,LINE OUT,96,48000,1
8024,USB IN,LINE OUT,96,48000,1
8494,USB IN,LINE OUT,96,48000,1
7901,USB IN,LINE OUT,96,48000,1
8439,USB IN,LINE OUT,96,48000,1
7940,USB IN,LINE OUT,96,48000,1
8508,USB IN,LINE OUT,96,48000,1
5828,USB IN,LINE OUT,96,48000,1
8352,USB IN,LINE OUT,96,48000,1
7907,USB IN,LINE OUT,96,48000,1
8239,USB IN,LINE OUT,96,48000,1
8679,USB IN,LINE OUT,96,48000,1
8192,USB IN,LINE OUT,96,48000,1
8597,USB IN,LINE OUT,96,48000,1
8101,USB IN,LINE OUT,96,48000,1
8501,USB IN,LINE OUT,96,48000,1
8050,USB IN,LINE OUT,96,48000,1
8450,USB IN,LINE OUT,96,48000,1
8578,USB IN,LINE OUT,96,48000,1
8143,USB IN,LINE OUT,96,48000,1
8766,USB IN,LINE OUT,96,48000,1
8378,USB IN,LINE OUT,96,48000,1
5824,USB IN,LINE OUT,96,48000,1
8220,USB IN,LINE OUT,96,48000,1
8739,USB IN,LINE OUT,96,48000,1
8195,USB IN,LINE OUT,96,48000,1
8802,USB IN,LINE OUT,96,48000,1
8110,USB IN,LINE OUT,96,48000,1
8607,USB IN,LINE OUT,96,48000,1
8212,USB IN,LINE OUT,96,48000,1
8745,USB IN,LINE OUT,96,48000,1
7925,USB IN,LINE OUT,96,48000,1
8544,USB IN,LINE OUT,96,48000,1
8145,USB IN,LINE OUT,96,48000,1
8647,USB IN,LINE OUT,96,48000,1
7977,USB IN,LINE OUT,96,48000,1
8575,USB IN,LINE OUT,96,48000,1
8186,USB IN,LINE OUT,96,48000,1
8382,USB IN,LINE OUT,96,48000,1
8826,USB IN,LINE OUT,96,48000,1
8350,USB IN,LINE OUT,96,48000,1
5862,USB IN,LINE OUT,96,48000,1
8470,USB IN,LINE OUT,96,48000,1
8790,USB IN,LINE OUT,96,48000,1
8184,USB IN,LINE OUT,96,48000,1
8714,USB IN,LINE OUT,96,48000,1
8177,USB IN,LINE OUT,96,48000,1
8778,USB IN,LINE OUT,96,48000,1
8404,USB IN,LINE OUT,96,48000,1
8042,USB IN,LINE OUT,96,48000,1
6657,USB IN,LINE OUT,96,48000,1
5843,USB IN,LINE OUT,96,48000,1
8445,USB IN,LINE OUT,96,48000,1
8059,USB IN,LINE OUT,96,48000,1
8510,USB IN,LINE OUT,96,48000,1
8116,USB IN,LINE OUT,96,48000,1
8662,USB IN,LINE OUT,96,48000,1
8207,USB IN,LINE OUT,96,48000,1
8747,USB IN,LINE OUT,96,48000,1
8297,USB IN,LINE OUT,96,48000,1
8840,USB IN,LINE OUT,96,48000,1
8373,USB IN,LINE OUT,96,48000,1
8467,USB IN,LINE OUT,96,48000,1
8023,USB IN,LINE OUT,96,48000,1
8366,USB IN,LINE OUT,96,48000,1
7908,USB IN,LINE OUT,96,48000,1
8479,USB IN,LINE OUT,96,48000,1
8047,USB IN,LINE OUT,96,48000,1
8346,USB IN,LINE OUT,96,48000,1
7907,USB IN,LINE OUT,96,48000,1
8551,USB IN,LINE OUT,96,48000,1
8136,USB IN,LINE OUT,96,48000,1
8705,USB IN,LINE OUT,96,48000,1
8331,USB IN,LINE OUT,96,48000,1
8784,USB IN,LINE OUT,96,48000,1
8425,USB IN,LINE OUT,96,48000,1
8053,USB IN,LINE OUT,96,48000,1
8456,USB IN,LINE OUT,96,48000,1
8073,USB IN,LINE OUT,96,48000,1
8694,USB IN,LINE OUT,96,48000,1
8256,USB IN,LINE OUT,96,48000,1
8820,USB IN,LINE OUT,96,48000,1
8310,USB IN,LINE OUT,96,48000,1
7937,USB IN,LINE OUT,96,48000,1
8462,USB IN,LINE OUT,96,48000,1
8815,USB IN,LINE OUT,96,48000,1
8326,USB IN,LINE OUT,96,48000,1
5892,USB IN,LINE OUT,96,48000,1
8339,USB IN,LINE OUT,96,48000,1
7954,USB IN,LINE OUT,96,48000,1
8391,USB IN,LINE OUT,96,48000,1
8808,USB IN,LINE OUT,96,48000,1
8310,USB IN,LINE OUT,96,48000,1
8725,USB IN,LINE OUT,96,48000,1
8133,USB IN,LINE OUT,96,48000,1
6622,USB IN,LINE OUT,96,48000,1
8175,USB IN,LINE OUT,96,48000,1
8778,USB IN,LINE OUT,96,48000,1
8391,USB IN,LINE OUT,96,48000,1
8683,USB IN,LINE OUT,96,48000,1
8306,USB IN,LINE OUT,96,48000,1
5884,USB IN,LINE OUT,96,48000,1
8505,USB IN,LINE OUT,96,48000,1
8141,USB IN,LINE OUT,96,48000,1
8777,USB IN,LINE OUT,96,48000,1
8334,USB IN,LINE OUT,96,48000,1
8851,USB IN,LINE OUT,96,48000,1
8134,USB IN,LINE OUT,96,48000,1
8754,USB IN,LINE OUT,96,48000,1
8162,USB IN,LINE OUT,96,48000,1
8682,USB IN,LINE OUT,96,48000,1
8112,USB IN,LINE OUT,96,48000,1
13630,USB IN,LINE OUT,96,48000,1
8242,USB IN,LINE OUT,96,48000,1
5820,USB IN,LINE OUT,96,48000,1
8290,USB IN,LINE OUT,96,48000,1
7912,USB IN,LINE OUT,96,48000,1
8340,USB IN,LINE OUT,96,48000,1
5807,USB IN,LINE OUT,96,48000,1
8380,USB IN,LINE OUT,96,48000,1
8815,USB IN,LINE OUT,96,48000,1
8444,USB IN,LINE OUT,96,48000,1
5888,USB IN,LINE OUT,96,48000,1
8362,USB IN,LINE OUT,96,48000,1
5863,USB IN,LINE OUT,96,48000,1
8426,USB IN,LINE OUT,96,48000,1
8053,USB IN,LINE OUT,96,48000,1
7952,USB IN,LINE OUT,96,48000,1
8560,USB IN,LINE OUT,96,48000,1
8104,USB IN,LINE OUT,96,48000,1
8692,USB IN,LINE OUT,96,48000,1
8318,USB IN,LINE OUT,96,48000,1
7957,USB IN,LINE OUT,96,48000,1
8596,USB IN,LINE OUT,96,48000,1
8226,USB IN,LINE OUT,96,48000,1
8818,USB IN,LINE OUT,96,48000,1
8383,USB IN,LINE OUT,96,48000,1
7899,USB IN,LINE OUT,96,48000,1
8394,USB IN,LINE OUT,96,48000,1
7948,USB IN,LINE OUT,96,48000,1
8342,USB IN,LINE OUT,96,48000,1
7906,USB IN,LINE OUT,96,48000,1
8426,USB IN,LINE OUT,96,48000,1
5857,USB IN,LINE OUT,96,48000,1
8276,USB IN,LINE OUT,96,48000,1
15570,USB IN,LINE OUT,96,48000,1
8066,USB IN,LINE OUT,96,48000,1
8487,USB IN,LINE OUT,96,48000,1
7999,USB IN,LINE OUT,96,48000,1
8416,USB IN,LINE OUT,96,48000,1
7980,USB IN,LINE OUT,96,48000,1
8224,USB IN,LINE OUT,96,48000,1
8816,USB IN,LINE OUT,96,48000,1
8293,USB IN,LINE OUT,96,48000,1
8796,USB IN,LINE OUT,96,48000,1
8274,USB IN,LINE OUT,96,48000,1
7901,USB IN,LINE OUT,96,48000,1
8510,USB IN,LINE OUT,96,48000,1
8757,USB IN,LINE OUT,96,48000,1
8365,USB IN,LINE OUT,96,48000,1
7981,USB IN,LINE OUT,96,48000,1
8615,USB IN,LINE OUT,96,48000,1
8242,USB IN,LINE OUT,96,48000,1
5872,USB IN,LINE OUT,96,48000,1
8435,USB IN,LINE OUT,96,48000,1
5859,USB IN,LINE OUT,96,48000,1
8406,USB IN,LINE OUT,96,48000,1
5819,USB IN,LINE OUT,96,48000,1
8447,USB IN,LINE OUT,96,48000,1
7956,USB IN,LINE OUT,96,48000,1
8428,USB IN,LINE OUT,96,48000,1
8048,USB IN,LINE OUT,96,48000,1
8607,USB IN,LINE OUT,96,48000,1
8010,USB IN,LINE OUT,96,48000,1
8548,USB IN,LINE OUT,96,48000,1
8173,USB IN,LINE OUT,96,48000,1
8427,USB IN,LINE OUT,96,48000,1
7961,USB IN,LINE OUT,96,48000,1
7963,USB IN,LINE OUT,96,48000,1
8579,USB IN,LINE OUT,96,48000,1
8074,USB IN,LINE OUT,96,48000,1
8524,USB IN,LINE OUT,96,48000,1
7832,USB IN,LINE OUT,96,48000,1
8338,USB IN,LINE OUT,96,48000,1
8836,USB IN,LINE OUT,96,48000,1
8457,USB IN,LINE OUT,96,48000,1
8006,USB IN,LINE OUT,96,48000,1
8550,USB IN,LINE OUT,96,48000,1
8147,USB IN,LINE OUT,96,48000,1
8770,USB IN,LINE OUT,96,48000,1
8390,USB IN,LINE OUT,96,48000,1
8029,USB IN,LINE OUT,96,48000,1
8648,USB IN,LINE OUT,96,48000,1
8164,USB IN,LINE OUT,96,48000,1
8728,USB IN,LINE OUT,96,48000,1
8351,USB IN,LINE OUT,96,48000,1
8792,USB IN,LINE OUT,96,48000,1
8254,USB IN,LINE OUT,96,48000,1
5877,USB IN,LINE OUT,96,48000,1
8316,USB IN,LINE OUT,96,48000,1
8754,USB IN,LINE OUT,96,48000,1
8259,USB IN,LINE OUT,96,48000,1
8757,USB IN,LINE OUT,96,48000,1
8382,USB IN,LINE OUT,96,48000,1
8784,USB IN,LINE OUT,96,48000,1
8346,USB IN,LINE OUT,96,48000,1
7914,USB IN,LINE OUT,96,48000,1
8417,USB IN,LINE OUT,96,48000,1
7917,USB IN,LINE OUT,96,48000,1
8390,USB IN,LINE OUT,96,48000,1
7918,USB IN,LINE OUT,96,48000,1
8427,USB IN,LINE OUT,96,48000,1
8748,USB IN,LINE OUT,96,48000,1
8234,USB IN,LINE OUT,96,48000,1
7990,USB IN,LINE OUT,96,48000,1
8485,USB IN,LINE OUT,96,48000,1
8050,USB IN,LINE OUT,96,48000,1
8568,USB IN,LINE OUT,96,48000,1
8002,USB IN,LINE OUT,96,48000,1
8234,USB IN,LINE OUT,96,48000,1
5859,USB IN,LINE OUT,96,48000,1
8377,USB IN,LINE OUT,96,48000,1
7978,USB IN,LINE OUT,96,48000,1
8297,USB IN,LINE OUT,96,48000,1
8803,USB IN,LINE OUT,96,48000,1
8304,USB IN,LINE OUT,96,48000,1
8810,USB IN,LINE OUT,96,48000,1
8303,USB IN,LINE OUT,96,48000,1
8704,USB IN,LINE OUT,96,48000,1
8098,USB IN,LINE OUT,96,48000,1
8529,USB IN,LINE OUT,96,48000,1
8028,USB IN,LINE OUT,96,48000,1
10642,USB IN,LINE OUT,96,48000,1
8198,USB IN,LINE OUT,96,48000,1
8750,USB IN,LINE OUT,96,48000,1
8154,USB IN,LINE OUT,96,48000,1
12617,USB IN,LINE OUT,96,48000,1
8073,USB IN,LINE OUT,96,48000,1
8663,USB IN,LINE OUT,96,48000,1
5802,USB IN,LINE OUT,96,48000,1
8262,USB IN,LINE OUT,96,48000,1
8763,USB IN,LINE OUT,96,48000,1
8309,USB IN,LINE OUT,96,48000,1
8795,USB IN,LINE OUT,96,48000,1
8483,USB IN,LINE OUT,96,48000,1
8099,USB IN,LINE OUT,96,48000,1
8711,USB IN,LINE OUT,96,48000,1
8310,USB IN,LINE OUT,96,48000,1
5875,USB IN,LINE OUT,96,48000,1
8518,USB IN,LINE OUT,96,48000,1
8160,USB IN,LINE OUT,96,48000,1
8799,USB IN,LINE OUT,96,48000,1
8364,USB IN,LINE OUT,96,48000,1
7972,USB IN,LINE OUT,96,48000,1
8438,USB IN,LINE OUT,96,48000,1
7978,USB IN,LINE OUT,96,48000,1
8449,USB IN,LINE OUT,96,48000,1
8028,USB IN,LINE OUT,96,48000,1
8603,USB IN,LINE OUT,96,48000,1
8224,USB IN,LINE OUT,96,48000,1
8530,USB IN,LINE OUT,96,48000,1
8153,USB IN,LINE OUT,96,48000,1
6655,USB IN,LINE OUT,96,48000,1
8265,USB IN,LINE OUT,96,48000,1
8774,USB IN,LINE OUT,96,48000,1
8347,USB IN,LINE OUT,96,48000,1
8683,USB IN,LINE OUT,96,48000,1
8242,USB IN,LINE OUT,96,48000,1
10642,USB IN,LINE OUT,96,48000,1
8108,USB IN,LINE OUT,96,48000,1
8504,USB IN,LINE OUT,96,48000,1
8000,USB IN,LINE OUT,96,48000,1
8503,USB IN,LINE OUT,96,48000,1
8059,USB IN,LINE OUT,96,48000,1
8166,USB IN,LINE OUT,96,48000,1
8685,USB IN,LINE OUT,96,48000,1
8237,USB IN,LINE OUT,96,48000,1
8767,USB IN,LINE OUT,96,48000,1
8367,USB IN,LINE OUT,96,48000,1
7936,USB IN,LINE OUT,96,48000,1
8500,USB IN,LINE OUT,96,48000,1
7959,USB IN,LINE OUT,96,48000,1
8530,USB IN,LINE OUT,96,48000,1
8153,USB IN,LINE OUT,96,48000,1
8678,USB IN,LINE OUT,96,48000,1
8292,USB IN,LINE OUT,96,48000,1
5775,USB IN,LINE OUT,96,48000,1
8260,USB IN,LINE OUT,96,48000,1
8767,USB IN,LINE OUT,96,48000,1
8369,USB IN,LINE OUT,96,48000,1
7926,USB IN,LINE OUT,96,48000,1
8503,USB IN,LINE OUT,96,48000,1
8114,USB IN,LINE OUT,96,48000,1
7650,USB IN,LINE OUT,96,48000,1
8270,USB IN,LINE OUT,96,48000,1
5857,USB IN,LINE OUT,96,48000,1
8470,USB IN,LINE OUT,96,48000,1
8087,USB IN,LINE OUT,96,48000,1
8707,USB IN,LINE OUT,96,48000,1
8322,USB IN,LINE OUT,96,48000,1
7917,USB IN,LINE OUT,96,48000,1
8532,USB IN,LINE OUT,96,48000,1
8150,USB IN,LINE OUT,96,48000,1
8740,USB IN,LINE OUT,96,48000,1
8358,USB IN,LINE OUT,96,48000,1
7979,USB IN,LINE OUT,96,48000,1
8599,USB IN,LINE OUT,96,48000,1
8220,USB IN,LINE OUT,96,48000,1
8840,USB IN,LINE OUT,96,48000,1
8455,USB IN,LINE OUT,96,48000,1
8079,USB IN,LINE OUT,96,48000,1
8699,USB IN,LINE OUT,96,48000,1
8286,USB IN,LINE OUT,96,48000,1
7900,USB IN,LINE OUT,96,48000,1
8484,USB IN,LINE OUT,96,48000,1
8111,USB IN,LINE OUT,96,48000,1
8655,USB IN,LINE OUT,96,48000,1
8169,USB IN,LINE OUT,96,48000,1
8738,USB IN,LINE OUT,96,48000,1
8368,USB IN,LINE OUT,96,48000,1
7996,USB IN,LINE OUT,96,48000,1
8156,USB IN,LINE OUT,96,48000,1
8769,USB IN,LINE OUT,96,48000,1
8403,USB IN,LINE OUT,96,48000,1
8030,USB IN,LINE OUT,96,48000,1
14621,USB IN,LINE OUT,96,48000,1
8182,USB IN,LINE OUT,96,48000,1
8728,USB IN,LINE OUT,96,48000,1
8310,USB IN,LINE OUT,96,48000,1
7945,USB IN,LINE OUT,96,48000,1
8533,USB IN,LINE OUT,96,48000,1
7974,USB IN,LINE OUT,96,48000,1
8593,USB IN,LINE OUT,96,48000,1
7948,USB IN,LINE OUT,96,48000,1
8412,USB IN,LINE OUT,96,48000,1
8035,USB IN,LINE OUT,96,48000,1
8394,USB IN,LINE OUT,96,48000,1
7938,USB IN,LINE OUT,96,48000,1
8357,USB IN,LINE OUT,96,48000,1
5859,USB IN,LINE OUT,96,48000,1
8319,USB IN,LINE OUT,96,48000,1
7939,USB IN,LINE OUT,96,48000,1
8276,USB IN,LINE OUT,96,48000,1
5835,USB IN,LINE OUT,96,48000,1
8285,USB IN,LINE OUT,96,48000,1
8722,USB IN,LINE OUT,96,48000,1
8200,USB IN,LINE OUT,96,48000,1
8697,USB IN,LINE OUT,96,48000,1
8269,USB IN,LINE OUT,96,48000,1
5888,USB IN,LINE OUT,96,48000,1
8228,USB IN,LINE OUT,96,48000,1
8834,USB IN,LINE OUT,96,48000,1
8379,USB IN,LINE OUT,96,48000,1
7930,USB IN,LINE OUT,96,48000,1
8457,USB IN,LINE OUT,96,48000,1
8010,USB IN,LINE OUT,96,48000,1
8569,USB IN,LINE OUT,96,48000,1
8201,USB IN,LINE OUT,96,48000,1
8829,USB IN,LINE OUT,96,48000,1
8468,USB IN,LINE OUT,96,48000,1
7984,USB IN,LINE OUT,96,48000,1
8540,USB IN,LINE OUT,96,48000,1
8055,USB IN,LINE OUT,96,48000,1
8440,USB IN,LINE OUT,96,48000,1
5835,USB IN,LINE OUT,96,48000,1
8280,USB IN,LINE OUT,96,48000,1
8731,USB IN,LINE OUT,96,48000,1
8168,USB IN,LINE OUT,96,48000,1
8656,USB IN,LINE OUT,96,48000,1
8219,USB IN,LINE OUT,96,48000,1
8770,USB IN,LINE OUT,96,48000,1
8279,USB IN,LINE OUT,96,48000,1
8784,USB IN,LINE OUT,96,48000,1
8347,USB IN,LINE OUT,96,48000,1
8852,USB IN,LINE OUT,96,48000,1
8347,USB IN,LINE OUT,96,48000,1
7946,USB IN,LINE OUT,96,48000,1
8555,USB IN,LINE OUT,96,48000,1
7998,USB IN,LINE OUT,96,48000,1
14627,USB IN,LINE OUT,96,48000,1
8154,USB IN,LINE OUT,96,48000,1
8759,USB IN,LINE OUT,96,48000,1
8098,USB IN,LINE OUT,96,48000,1
6653,USB IN,LINE OUT,96,48000,1
8216,USB IN,LINE OUT,96,48000,1
8685,USB IN,LINE OUT,96,48000,1
8178,USB IN,LINE OUT,96,48000,1
8776,USB IN,LINE OUT,96,48000,1
8417,USB IN,LINE OUT,96,48000,1
7945,USB IN,LINE OUT,96,48000,1
8452,USB IN,LINE OUT,96,48000,1
7995,USB IN,LINE OUT,96,48000,1
8437,USB IN,LINE OUT,96,48000,1
7963,USB IN,LINE OUT,96,48000,1
8498,USB IN,LINE OUT,96,48000,1
8018,USB IN,LINE OUT,96,48000,1
8490,USB IN,LINE OUT,96,48000,1
8023,USB IN,LINE OUT,96,48000,1
14568,USB IN,LINE OUT,96,48000,1
8125,USB IN,LINE OUT,96,48000,1
8698,USB IN,LINE OUT,96,48000,1
8183,USB IN,LINE OUT,96,48000,1
8556,USB IN,LINE OUT,96,48000,1
8053,USB IN,LINE OUT,96,48000,1
8496,USB IN,LINE OUT,96,48000,1
8049,USB IN,LINE OUT,96,48000,1
8535,USB IN,LINE OUT,96,48000,1
8031,USB IN,LINE OUT,96,48000,1
8596,USB IN,LINE OUT,96,48000,1
8229,USB IN,LINE OUT,96,48000,1
8678,USB IN,LINE OUT,96,48000,1
8318,USB IN,LINE OUT,96,48000,1
7901,USB IN,LINE OUT,96,48000,1
8451,USB IN,LINE OUT,96,48000,1
8848,USB IN,LINE OUT,96,48000,1
8383,USB IN,LINE OUT,96,48000,1
7942,USB IN,LINE OUT,96,48000,1
8314,USB IN,LINE OUT,96,48000,1
8580,USB IN,LINE OUT,96,48000,1
5870,USB IN,LINE OUT,96,48000,1
8440,USB IN,LINE OUT,96,48000,1
8069,USB IN,LINE OUT,96,48000,1
8609,USB IN,LINE OUT,96,48000,1
8206,USB IN,LINE OUT,96,48000,1
10643,USB IN,LINE OUT,96,48000,1
8116,USB IN,LINE OUT,96,48000,1
16564,USB IN,LINE OUT,96,48000,1
8121,USB IN,LINE OUT,96,48000,1
11623,USB IN,LINE OUT,96,48000,1
8137,USB IN,LINE OUT,96,48000,1
8693,USB IN,LINE OUT,96,48000,1
8295,USB IN,LINE OUT,96,48000,1
8801,USB IN,LINE OUT,96,48000,1
8188,USB IN,LINE OUT,96,48000,1
8683,USB IN,LINE OUT,96,48000,1
8227,USB IN,LINE OUT,96,48000,1
8848,USB IN,LINE OUT,96,48000,1
8288,USB IN,LINE OUT,96,48000,1
8784,USB IN,LINE OUT,96,48000,1
8161,USB IN,LINE OUT,96,48000,1
11639,USB IN,LINE OUT,96,48000,1
8098,USB IN,LINE OUT,96,48000,1
5891,USB IN,LINE OUT,96,48000,1
8495,USB IN,LINE OUT,96,48000,1
8118,USB IN,LINE OUT,96,48000,1
8721,USB IN,LINE OUT,96,48000,1
8317,USB IN,LINE OUT,96,48000,1
7924,USB IN,LINE OUT,96,48000,1
8475,USB IN,LINE OUT,96,48000,1
8060,USB IN,LINE OUT,96,48000,1
12636,USB IN,LINE OUT,96,48000,1
8135,USB IN,LINE OUT,96,48000,1
8499,USB IN,LINE OUT,96,48000,1
8058,USB IN,LINE OUT,96,48000,1
8498,USB IN,LINE OUT,96,48000,1
8715,USB IN,LINE OUT,96,48000,1
8256,USB IN,LINE OUT,96,48000,1
8813,USB IN,LINE OUT,96,48000,1
8146,USB IN,LINE OUT,96,48000,1
8714,USB IN,LINE OUT,96,48000,1
8166,USB IN,LINE OUT,96,48000,1
8595,USB IN,LINE OUT,96,48000,1
7960,USB IN,LINE OUT,96,48000,1
8233,USB IN,LINE OUT,96,48000,1
8744,USB IN,LINE OUT,96,48000,1
8067,USB IN,LINE OUT,96,48000,1
8554,USB IN,LINE OUT,96,48000,1
8158,USB IN,LINE OUT,96,48000,1
8490,USB IN,LINE OUT,96,48000,1
8056,USB IN,LINE OUT,96,48000,1
8402,USB IN,LINE OUT,96,48000,1
7968,USB IN,LINE OUT,96,48000,1
8525,USB IN,LINE OUT,96,48000,1
7998,USB IN,LINE OUT,96,48000,1
8481,USB IN,LINE OUT,96,48000,1
8008,USB IN,LINE OUT,96,48000,1
8543,USB IN,LINE OUT,96,48000,1
8098,USB IN,LINE OUT,96,48000,1
8512,USB IN,LINE OUT,96,48000,1
8093,USB IN,LINE OUT,96,48000,1
8681,USB IN,LINE OUT,96,48000,1
8309,USB IN,LINE OUT,96,48000,1
8831,USB IN,LINE OUT,96,48000,1
8251,USB IN,LINE OUT,96,48000,1
8797,USB IN,LINE OUT,96,48000,1
8201,USB IN,LINE OUT,96,48000,1
8733,USB IN,LINE OUT,96,48000,1
8046,USB IN,LINE OUT,96,48000,1
8366,USB IN,LINE OUT,96,48000,1
7931,USB IN,LINE OUT,96,48000,1
8398,USB IN,LINE OUT,96,48000,1
5896,USB IN,LINE OUT,96,48000,1
8114,USB IN,LINE OUT,96,48000,1
8364,USB IN,LINE OUT,96,48000,1
7961,USB IN,LINE OUT,96,48000,1
8142,USB IN,LINE OUT,96,48000,1
8699,USB IN,LINE OUT,96,48000,1
7989,USB IN,LINE OUT,96,48000,1
8491,USB IN,LINE OUT,96,48000,1
5780,USB IN,LINE OUT,96,48000,1
8096,USB IN,LINE OUT,96,48000,1
8562,USB IN,LINE OUT,96,48000,1
8065,USB IN,LINE OUT,96,48000,1
8588,USB IN,LINE OUT,96,48000,1
8132,USB IN,LINE OUT,96,48000,1
10641,USB IN,LINE OUT,96,48000,1
8217,USB IN,LINE OUT,96,48000,1
8773,USB IN,LINE OUT,96,48000,1
8317,USB IN,LINE OUT,96,48000,1
5899,USB IN,LINE OUT,96,48000,1
8535,USB IN,LINE OUT,96,48000,1
8176,USB IN,LINE OUT,96,48000,1
8805,USB IN,LINE OUT,96,48000,1
8349,USB IN,LINE OUT,96,48000,1
7982,USB IN,LINE OUT,96,48000,1
8349,USB IN,LINE OUT,96,48000,1
7844,USB IN,LINE OUT,96,48000,1
8404,USB IN,LINE OUT,96,48000,1
8017,USB IN,LINE OUT,96,48000,1
15576,USB IN,LINE OUT,96,48000,1
8003,USB IN,LINE OUT,96,48000,1
8300,USB IN,LINE OUT,96,48000,1
8830,USB IN,LINE OUT,96,48000,1
8184,USB IN,LINE OUT,96,48000,1
6622,USB IN,LINE OUT,96,48000,1
8032,USB IN,LINE OUT,96,48000,1
8489,USB IN,LINE OUT,96,48000,1
5881,USB IN,LINE OUT,96,48000,1
8247,USB IN,LINE OUT,96,48000,1
8610,USB IN,LINE OUT,96,48000,1
8114,USB IN,LINE OUT,96,48000,1
8571,USB IN,LINE OUT,96,48000,1
8143,USB IN,LINE OUT,96,48000,1
8543,USB IN,LINE OUT,96,48000,1
8054,USB IN,LINE OUT,96,48000,1
8613,USB IN,LINE OUT,96,48000,1
7922,USB IN,LINE OUT,96,48000,1
8470,USB IN,LINE OUT,96,48000,1
7951,USB IN,LINE OUT,96,48000,1
8477,USB IN,LINE OUT,96,48000,1
7956,USB IN,LINE OUT,96,48000,1
8521,USB IN,LINE OUT,96,48000,1
8150,USB IN,LINE OUT,96,48000,1
8765,USB IN,LINE OUT,96,48000,1
8231,USB IN,LINE OUT,96,48000,1
8857,USB IN,LINE OUT,96,48000,1
8447,USB IN,LINE OUT,96,48000,1
5893,USB IN,LINE OUT,96,48000,1
8342,USB IN,LINE OUT,96,48000,1
8840,USB IN,LINE OUT,96,48000,1
8416,USB IN,LINE OUT,96,48000,1
7977,USB IN,LINE OUT,96,48000,1
8403,USB IN,LINE OUT,96,48000,1
8851,USB IN,LINE OUT,96,48000,1
8263,USB IN,LINE OUT,96,48000,1
8774,USB IN,LINE OUT,96,48000,1
8246,USB IN,LINE OUT,96,48000,1
5867,USB IN,LINE OUT,96,48000,1
8194,USB IN,LINE OUT,96,48000,1
8820,USB IN,LINE OUT,96,48000,1
8102,USB IN,LINE OUT,96,48000,1
8661,USB IN,LINE OUT,96,48000,1
8219,USB IN,LINE OUT,96,48000,1
8692,USB IN,LINE OUT,96,48000,1
8265,USB IN,LINE OUT,96,48000,1
7905,USB IN,LINE OUT,96,48000,1
8448,USB IN,LINE OUT,96,48000,1
8586,USB IN,LINE OUT,96,48000,1
8124,USB IN,LINE OUT,96,48000,1
8694,USB IN,LINE OUT,96,48000,1
8333,USB IN,LINE OUT,96,48000,1
7970,USB IN,LINE OUT,96,48000,1
8610,USB IN,LINE OUT,96,48000,1
8113,USB IN,LINE OUT,96,48000,1
8699,USB IN,LINE OUT,96,48000,1
8202,USB IN,LINE OUT,96,48000,1
8610,USB IN,LINE OUT,96,48000,1
8136,USB IN,LINE OUT,96,48000,1
8611,USB IN,LINE OUT,96,48000,1
8116,USB IN,LINE OUT,96,48000,1
12636,USB IN,LINE OUT,96,48000,1
8142,USB IN,LINE OUT,96,48000,1
6658,USB IN,LINE OUT,96,48000,1
8114,USB IN,LINE OUT,96,48000,1
8745,USB IN,LINE OUT,96,48000,1
8104,USB IN,LINE OUT,96,48000,1
8573,USB IN,LINE OUT,96,48000,1
7973,USB IN,LINE OUT,96,48000,1
8375,USB IN,LINE OUT,96,48000,1
5877,USB IN,LINE OUT,96,48000,1
8337,USB IN,LINE OUT,96,48000,1
8825,USB IN,LINE OUT,96,48000,1
8242,USB IN,LINE OUT,96,48000,1
8796,USB IN,LINE OUT,96,48000,1
8255,USB IN,LINE OUT,96,48000,1
8797,USB IN,LINE OUT,96,48000,1
8355,USB IN,LINE OUT,96,48000,1
8526,USB IN,LINE OUT,96,48000,1
8108,USB IN,LINE OUT,96,48000,1
8745,USB IN,LINE OUT,96,48000,1
8316,USB IN,LINE OUT,96,48000,1
5879,USB IN,LINE OUT,96,48000,1
8127,USB IN,LINE OUT,96,48000,1
8554,USB IN,LINE OUT,96,48000,1
7939,USB IN,LINE OUT,96,48000,1
8389,USB IN,LINE OUT,96,48000,1
7954,USB IN,LINE OUT,96,48000,1
8464,USB IN,LINE OUT,96,48000,1
7926,USB IN,LINE OUT,96,48000,1
8406,USB IN,LINE OUT,96,48000,1
7970,USB IN,LINE OUT,96,48000,1
8459,USB IN,LINE OUT,96,48000,1
5876,USB IN,LINE OUT,96,48000,1
8277,USB IN,LINE OUT,96,48000,1
8783,USB IN,LINE OUT,96,48000,1
8243,USB IN,LINE OUT,96,48000,1
8697,USB IN,LINE OUT,96,48000,1
8258,USB IN,LINE OUT,96,48000,1
8670,USB IN,LINE OUT,96,48000,1
8202,USB IN,LINE OUT,96,48000,1
8719,USB IN,LINE OUT,96,48000,1
8194,USB IN,LINE OUT,96,48000,1
8533,USB IN,LINE OUT,96,48000,1
8486,USB IN,LINE OUT,96,48000,1
8044,USB IN,LINE OUT,96,48000,1
8659,USB IN,LINE OUT,96,48000,1
7796,USB IN,LINE OUT,96,48000,1
8040,USB IN,LINE OUT,96,48000,1
8610,USB IN,LINE OUT,96,48000,1
8234,USB IN,LINE OUT,96,48000,1
5870,USB IN,LINE OUT,96,48000,1
8498,USB IN,LINE OUT,96,48000,1
7977,USB IN,LINE OUT,96,48000,1
8599,USB IN,LINE OUT,96,48000,1
8036,USB IN,LINE OUT,96,48000,1
16612,USB IN,LINE OUT,96,48000,1
8186,USB IN,LINE OUT,96,48000,1
8800,USB IN,LINE OUT,96,48000,1
8350,USB IN,LINE OUT,96,48000,1
